Time (%),Total Time (ns),Instances,Avg (ns),Med (ns),Min (ns),Max (ns),StdDev (ns),Name
24.9,59765359,85,703121.9,1319600.0,2368,1345007,661439.9,"void at::native::unrolled_elementwise_kernel<at::native::direct_copy_kernel_cuda(at::TensorIteratorBase &)::[lambda() (instance 3)]::operator ()() const::[lambda() (instance 7)]::operator ()() const::[lambda(float) (instance 1)], std::array<char *, (unsigned long)2>, (int)4, TrivialOffsetCalculator<(int)1, unsigned int>, TrivialOffsetCalculator<(int)1, unsigned int>, at::native::memory::LoadWithCast<(int)1>, at::native::memory::StoreWithCast<(int)1>>(int, T1, T2, T4, T5, T6, T7)"
18.0,43259038,117,369735.4,17536.0,1728,950197,460171.5,"void at::native::elementwise_kernel<(int)128, (int)2, void at::native::gpu_kernel_impl_nocast<at::native::direct_copy_kernel_cuda(at::TensorIteratorBase &)::[lambda() (instance 3)]::operator ()() const::[lambda() (instance 7)]::operator ()() const::[lambda(float) (instance 1)]>(at::TensorIteratorBase &, const T1 &)::[lambda(int) (instance 1)]>(int, T3)"
15.1,36295849,147,246910.5,2016.0,1440,804502,369977.8,"void at::native::vectorized_elementwise_kernel<(int)4, at::native::BinaryFunctor<float, float, float, at::native::binary_internal::MulFunctor<float>>, std::array<char *, (unsigned long)3>>(int, T2, T3)"
5.5,13162499,35,376071.4,4672.0,1824,886966,436777.5,"void at::native::<unnamed>::distribution_elementwise_grid_stride_kernel<float, (int)4, void at::native::templates::cuda::normal_and_transform<float, float, at::CUDAGeneratorImpl *, void at::native::templates::cuda::normal_kernel<at::CUDAGeneratorImpl *>(const at::TensorBase &, double, double, T1)::[lambda() (instance 1)]::operator ()() const::[lambda() (instance 2)]::operator ()() const::[lambda(float) (instance 1)]>(at::TensorIteratorBase &, T3, T4)::[lambda(curandStatePhilox4_32_10 *) (instance 2)], void at::native::<unnamed>::distribution_nullary_kernel<float, float, float4, at::CUDAGeneratorImpl *, void at::native::templates::cuda::normal_and_transform<float, float, at::CUDAGeneratorImpl *, void at::native::templates::cuda::normal_kernel<at::CUDAGeneratorImpl *>(const at::TensorBase &, double, double, T1)::[lambda() (instance 1)]::operator ()() const::[lambda() (instance 2)]::operator ()() const::[lambda(float) (instance 1)]>(at::TensorIteratorBase &, T3, T4)::[lambda(curandStatePhilox4_32_10 *) (instance 2)], void at::native::templates::cuda::normal_kernel<at::CUDAGeneratorImpl *>(const at::TensorBase &, double, double, T1)::[lambda() (instance 1)]::operator ()() const::[lambda() (instance 2)]::operator ()() const::[lambda(float) (instance 1)]>(at::TensorIteratorBase &, T4, const T5 &, T6)::[lambda(int, float) (instance 1)]>(long, at::PhiloxCudaState, T3, T4)"
4.9,11716569,159,73689.1,76767.0,39231,130110,21649.7,"void sgemm_largek_lds64<(bool)1, (bool)0, (int)6, (int)3, (int)4, (int)5, (int)2, (int)66>(float *, const float *, const float *, int, int, int, int, int, int, const float *, const float *, float, float, int, int, int *, int *)"
4.9,11676404,93,125552.7,180542.0,53087,186750,60611.9,cutlass3x_sm100_simt_sgemm_f32_f32_f32_f32_f32_32x32x16_1x1x1_3_tnn_align1_bias_f32_relu
4.1,9866409,15,657760.6,271581.0,41888,2506306,951040.2,"void direct_backend::step2_gemm2_scatter_all_experts_tcgen_kgroup_kernel<(int)8>(const int *, const int *, const int *, const float *, const int *, const unsigned char *, const float *, const unsigned char *, const float *, const void *, float *)"
3.6,8543833,15,569588.9,255421.0,50944,2106374,800281.7,"void direct_backend::step1_gemm1_swiglu_direct_kernel<(int)2>(const unsigned char *, const float *, long, const int *, const int *, const int *, const int *, const unsigned char *, const float *, const void *, const void *, bool, bool, int, int, float *)"
3.4,8166780,20,408339.0,543273.0,1920,544889,240248.6,"void at::native::vectorized_elementwise_kernel<(int)4, at::native::<unnamed>::launch_clamp_scalar(at::TensorIteratorBase &, c10::Scalar, c10::Scalar, at::native::detail::ClampLimits)::[lambda() (instance 1)]::operator ()() const::[lambda() (instance 7)]::operator ()() const::[lambda(float) (instance 1)], std::array<char *, (unsigned long)2>>(int, T2, T3)"
2.5,5954808,20,297740.4,395963.5,1696,399195,174702.9,"void at::native::vectorized_elementwise_kernel<(int)4, at::native::float8_copy_kernel_cuda(at::TensorIteratorBase &)::[lambda(float) (instance 1)], std::array<char *, (unsigned long)2>>(int, T2, T3)"
2.4,5849115,60,97485.3,66991.0,64832,225501,61553.5,cutlass3x_sm100_simt_sgemm_f32_f32_f32_f32_f32_64x32x16_1x1x1_3_tnn_align1_bias_f32_relu
1.2,2864062,21,136383.9,135230.0,131391,141918,3941.2,"void sgemm_largek_lds64<(bool)1, (bool)0, (int)5, (int)5, (int)4, (int)4, (int)4, (int)34>(float *, const float *, const float *, int, int, int, int, int, int, const float *, const float *, float, float, int, int, int *, int *)"
0.9,2173669,874,2487.0,2496.0,1888,8864,520.8,"void at::native::reduce_kernel<(int)512, (int)1, at::native::ReduceOp<bool, at::native::func_wrapper_t<bool, at::native::or_kernel_cuda(at::TensorIterator &)::[lambda() (instance 1)]::operator ()() const::[lambda() (instance 12)]::operator ()() const::[lambda(bool, bool) (instance 1)]>, unsigned int, bool, (int)4, (int)4>>(T3)"
0.8,1968906,72,27345.9,26687.5,25984,33600,1937.4,"std::enable_if<T7, void>::type internal::gemvx::kernel<int, int, float, float, float, float, (bool)1, (bool)1, (bool)1, (bool)0, (int)7, (bool)0, cublasGemvParamsEx<int, cublasGemvTensorStridedBatched<const float>, cublasGemvTensorStridedBatched<const float>, cublasGemvTensorStridedBatched<float>, float>>(T13)"
0.6,1531822,15,102121.5,98399.0,54815,144478,33711.3,"<unnamed>::routing_kernel(const float *, const unsigned short *, long, int, float, float *)"
0.6,1333840,366,3644.4,3136.0,1920,7904,1383.5,"void at::native::<unnamed>::indexSelectSmallIndex<float, long, unsigned int, (int)2, (int)2, (int)-2>(at::cuda::detail::TensorInfo<T1, T3>, at::cuda::detail::TensorInfo<const T1, T3>, at::cuda::detail::TensorInfo<const T2, T3>, int, int, T3, long)"
0.5,1136785,480,2368.3,2336.0,2079,3072,182.8,"void at::native::elementwise_kernel<(int)128, (int)2, void at::native::gpu_kernel_impl_nocast<at::native::BinaryFunctor<float, float, float, at::native::binary_internal::MulFunctor<float>>>(at::TensorIteratorBase &, const T1 &)::[lambda(int) (instance 1)]>(int, T3)"
0.5,1084400,30,36146.7,35952.0,35744,37536,428.6,"void at::native::vectorized_elementwise_kernel<(int)4, at::native::FillFunctor<int>, std::array<char *, (unsigned long)1>>(int, T2, T3)"
0.4,945556,72,13132.7,12976.0,12128,14560,601.3,"void gemv2T_kernel_val<int, int, float, float, float, float, (int)128, (int)16, (int)4, (int)4, (bool)0, (bool)0, cublasGemvParamsEx<int, cublasGemvTensorStridedBatched<const float>, cublasGemvTensorStridedBatched<const float>, cublasGemvTensorStridedBatched<float>, float>>(T13, T6, T6)"
0.4,938518,480,1955.2,1952.0,1312,2624,298.7,"void at::native::vectorized_elementwise_kernel<(int)4, at::native::AUnaryFunctor<long, long, bool, at::native::<unnamed>::CompareEqFunctor<long>>, std::array<char *, (unsigned long)2>>(int, T2, T3)"
0.4,911768,36,25326.9,25295.5,24960,25696,190.3,"void gemmSN_TN_kernel<float, (int)128, (int)16, (int)2, (int)4, (int)2, (int)2, (bool)1, cublasGemvTensorStridedBatched<const float>, cublasGemvTensorStridedBatched<const float>, cublasGemvTensorStridedBatched<float>>(cublasGemmSmallNParams<T9, T10, T11, T1>)"
0.3,696730,276,2524.4,2544.0,2016,2944,188.6,"void at_cuda_detail::cub::detail::select::DeviceSelectSweepKernel<at_cuda_detail::cub::detail::select::policy_hub<long, bool, int, (bool)0, (at_cuda_detail::cub::SelectImpl)0>::Policy1000, thrust::THRUST_300001_SM_750_800_860_900_1000_1200_NS::counting_iterator<long, thrust::THRUST_300001_SM_750_800_860_900_1000_1200_NS::use_default, thrust::THRUST_300001_SM_750_800_860_900_1000_1200_NS::use_default, thrust::THRUST_300001_SM_750_800_860_900_1000_1200_NS::use_default>, thrust::THRUST_300001_SM_750_800_860_900_1000_1200_NS::transform_iterator<at::native::<unnamed>::NonZeroOp<bool>, const bool *, thrust::THRUST_300001_SM_750_800_860_900_1000_1200_NS::use_default, thrust::THRUST_300001_SM_750_800_860_900_1000_1200_NS::use_default>, long *, int *, at_cuda_detail::cub::ScanTileState<int, (bool)1>, at_cuda_detail::cub::NullType, at_cuda_detail::cub::NullType, int, at_cuda_detail::cub::detail::select::streaming_context_t<long, (bool)1>, (at_cuda_detail::cub::SelectImpl)0>(T2, T3, T4, T5, T6, T7, T8, T9, int, T10, at_cuda_detail::cub::detail::vsmem_t)"
0.3,666775,21,31751.2,31679.0,31264,32447,280.1,"void gemmSN_TN_kernel<float, (int)128, (int)16, (int)2, (int)4, (int)4, (int)4, (bool)0, cublasGemvTensorStridedBatched<const float>, cublasGemvTensorStridedBatched<const float>, cublasGemvTensorStridedBatched<float>>(cublasGemmSmallNParams<T9, T10, T11, T1>)"
0.3,602616,219,2751.7,2752.0,2176,3072,193.3,"void at::native::elementwise_kernel<(int)128, (int)2, void at::native::gpu_kernel_impl_nocast<at::native::BinaryFunctor<float, float, float, at::native::binary_internal::DivFunctor<float>>>(at::TensorIteratorBase &, const T1 &)::[lambda(int) (instance 1)]>(int, T3)"
0.2,564953,276,2046.9,2080.0,1504,2752,321.6,"void at_cuda_detail::cub::detail::reduce::DeviceReduceSingleTileKernel<at_cuda_detail::cub::detail::reduce::policy_hub<int, unsigned long long, cuda::std::__4::plus<void>>::Policy1000, thrust::THRUST_300001_SM_750_800_860_900_1000_1200_NS::transform_iterator<at::native::<unnamed>::NonZeroOp<bool>, const bool *, thrust::THRUST_300001_SM_750_800_860_900_1000_1200_NS::use_default, thrust::THRUST_300001_SM_750_800_860_900_1000_1200_NS::use_default>, int *, unsigned long long, cuda::std::__4::plus<void>, int, int, cuda::std::__4::__identity>(T2, T3, T4, T5, T6, T8)"
0.2,538524,9,59836.0,49728.0,22400,110206,36515.5,bmm_E4m3_E4m3E4m3_Fp32_t128x8x128u2_s8_et64x8_m64x8x32_c1x1x1_16dp256b_rM_TN_transOut_noShflA_dsFp8_schPd4x2x2x3_bN_tma_tmaSf_rgTma_clmp_lbW2_dynB_sm100f
0.2,529241,3,176413.7,177437.0,173950,177854,2143.8,bmm_E4m3_E4m3E4m3_Fp32_t128x64x128u2_s6_et64x64_m64x64x32_c1x1x1_16dp256b_rM_TN_transOut_noShflA_dsFp8_schPd4x2x2x3_bN_tma_tmaSf_rgTma_clmp_lbW4_dynB_sm100f
0.2,526813,311,1693.9,1792.0,1344,5856,303.5,"void at::native::vectorized_elementwise_kernel<(int)4, at::native::CUDAFunctorOnSelf_add<float>, std::array<char *, (unsigned long)2>>(int, T2, T3)"
0.2,521402,183,2849.2,2528.0,1952,5216,869.6,"void at::native::indexFuncSmallIndex<float, long, unsigned int, (int)2, (int)2, (int)-2, at::native::<unnamed>::ReduceAdd>(at::cuda::detail::TensorInfo<T1, T3>, at::cuda::detail::TensorInfo<const T1, T3>, at::cuda::detail::TensorInfo<const T2, T3>, int, int, T3, long, long, const T7 &, T1)"
0.2,518776,291,1782.7,1856.0,1439,2208,157.5,"void at::native::vectorized_elementwise_kernel<(int)4, at::native::exp_kernel_cuda(at::TensorIteratorBase &)::[lambda() (instance 2)]::operator ()() const::[lambda() (instance 2)]::operator ()() const::[lambda(float) (instance 1)], std::array<char *, (unsigned long)2>>(int, T2, T3)"
0.2,501403,204,2457.9,2464.0,1984,2944,183.4,"void at::native::elementwise_kernel<(int)128, (int)2, void at::native::gpu_kernel_impl_nocast<at::native::neg_kernel_cuda(at::TensorIteratorBase &)::[lambda() (instance 2)]::operator ()() const::[lambda() (instance 7)]::operator ()() const::[lambda(float) (instance 1)]>(at::TensorIteratorBase &, const T1 &)::[lambda(int) (instance 1)]>(int, T3)"
0.2,459098,186,2468.3,2464.0,2112,3136,184.5,"void at::native::vectorized_gather_kernel<(int)16, long>(char *, char *, T2 *, int, long, long, long, long, bool)"
0.2,432028,3,144009.3,147038.0,137951,147039,5246.7,bmm_E4m3_E4m3E4m3_Fp32_t128x16x128u2_s6_et64x16_m64x16x32_c1x1x1_16dp256b_rM_TN_transOut_noShflA_dsFp8_schPd4x2x2x3_bN_tma_tmaSf_rgTma_clmp_lbW2_dynB_sm100f
0.2,416700,18,23150.0,23264.0,22271,23872,440.9,"void gemmSN_TN_kernel<float, (int)128, (int)16, (int)2, (int)4, (int)4, (int)4, (bool)1, cublasGemvTensorStridedBatched<const float>, cublasGemvTensorStridedBatched<const float>, cublasGemvTensorStridedBatched<float>>(cublasGemmSmallNParams<T9, T10, T11, T1>)"
0.2,402523,276,1458.4,1472.0,1056,1696,203.9,"void at_cuda_detail::cub::detail::scan::DeviceCompactInitKernel<at_cuda_detail::cub::ScanTileState<int, (bool)1>, int *>(T1, int, T2)"
0.2,367642,39,9426.7,7936.0,6048,20576,4210.7,"void at::native::sbtopk::gatherTopK<float, unsigned int, (int)2, (bool)0>(at::cuda::detail::TensorInfo<const T1, T2>, T2, T2, bool, T2, T2, at::cuda::detail::TensorInfo<T1, T2>, T2, at::cuda::detail::TensorInfo<long, T2>, T2, T1 *)"
0.1,321343,93,3455.3,3328.0,2464,4704,617.7,"void at::native::indexFuncLargeIndex<float, long, unsigned int, (int)2, (int)2, (int)-2, (bool)1, at::native::<unnamed>::ReduceAdd>(at::cuda::detail::TensorInfo<T1, T3>, at::cuda::detail::TensorInfo<const T1, T3>, at::cuda::detail::TensorInfo<const T2, T3>, int, int, T3, T3, long, long, const T8 &, T1)"
0.1,303483,9,33720.3,28351.0,16447,54783,16148.5,bmm_Bfloat16_E4m3E4m3_Fp32_t128x8x128u2_s8_et64x8_m64x8x32_c1x1x1_16dp256b_rM_TN_transOut_noShflA_dsFp8_schPd4x2x2x3_bN_rgTma_clmp_dynB_sm100f
0.1,265370,180,1474.3,1392.0,1280,1696,170.7,"void scal_kernel<float, float, (int)1, (bool)1, (int)6, (int)5, (int)5, (int)3>(cublasTransposeParams<T2>, const T1 *, T1 *, const T2 *)"
0.1,263517,3,87839.0,87871.0,87583,88063,241.6,bmm_Bfloat16_E4m3E4m3_Fp32_t128x64x128u2_s6_et64x64_m64x64x32_c1x1x1_16dp256b_rM_TN_transOut_noShflA_dsFp8_schPd4x2x2x3_bN_rgTma_clmp_dynB_sm100f
0.1,247197,77,3210.4,3072.0,2720,13248,1169.2,"void at::native::vectorized_elementwise_kernel<(int)4, at::native::BinaryFunctor<float, float, float, at::native::binary_internal::DivFunctor<float>>, std::array<char *, (unsigned long)3>>(int, T2, T3)"
0.1,211645,3,70548.3,71231.0,69055,71359,1294.8,bmm_Bfloat16_E4m3E4m3_Fp32_t128x16x128u2_s6_et64x16_m64x16x32_c1x1x1_16dp256b_rM_TN_transOut_noShflA_dsFp8_schPd4x2x2x3_bN_rgTma_clmp_dynB_sm100f
0.1,189565,6,31594.2,32287.5,7456,53087,23318.6,"void moe::dev::activation::activationDeepSeekKernel<moe::dev::activation::KernelParams<cutlass::float_e4m3_t, (int)4, (bool)1>>(T1)"
0.1,159071,87,1828.4,1824.0,1568,2400,212.0,"void at::native::vectorized_elementwise_kernel<(int)4, at::native::neg_kernel_cuda(at::TensorIteratorBase &)::[lambda() (instance 2)]::operator ()() const::[lambda() (instance 7)]::operator ()() const::[lambda(float) (instance 1)], std::array<char *, (unsigned long)2>>(int, T2, T3)"
0.1,128543,15,8569.5,7200.0,3360,15424,4721.3,"<unnamed>::scatter_placements_kernel(const float *, long, const int *, int *, int *, float *)"
0.0,92670,30,3089.0,2656.0,1632,5504,1174.3,"void at::native::_scatter_gather_elementwise_kernel<(int)128, (int)8, void at::native::_cuda_scatter_fill_internal_kernel<at::native::OpaqueType<(int)4>, long>::operator ()<at::native::TensorAssign>(at::TensorIterator &, at::native::OpaqueType<(int)4>, long, long, long, const T1 &)::[lambda(int) (instance 1)]>(int, T3)"
0.0,83840,6,13973.3,14624.0,7520,17664,4121.5,"void moe::dev::finalize::finalizeKernelVecLoad<moe::dev::finalize::KernelParams<cutlass::bfloat16_t, cutlass::bfloat16_t, (int)4, (bool)1>>(T1)"
0.0,82462,15,5497.5,2176.0,1568,18624,6761.5,"<unnamed>::f32_to_bf16_kernel(const float *, long, unsigned short *)"
0.0,79550,30,2651.7,2560.0,2176,3264,256.0,"void at::native::reduce_kernel<(int)512, (int)1, at::native::ReduceOp<float, at::native::func_wrapper_t<float, at::native::sum_functor<float, float, float>::operator ()(at::TensorIterator &)::[lambda(float, float) (instance 1)]>, unsigned int, float, (int)4, (int)4>>(T3)"
0.0,75680,15,5045.3,4864.0,4448,6176,527.8,"void moe::dev::routing::routingDeepSeek::routingMainKernel<moe::dev::routing::routingDeepSeek::KernelParams<float, __nv_bfloat16, (int)256, (int)8, (bool)1>>(T1)"
0.0,75616,45,1680.4,1440.0,1216,4864,877.2,"void at::native::vectorized_elementwise_kernel<(int)4, at::native::FillFunctor<float>, std::array<char *, (unsigned long)1>>(int, T2, T3)"
0.0,71904,10,7190.4,6224.0,3040,12704,3220.0,"void at::native::reduce_kernel<(int)512, (int)1, at::native::ReduceOp<float, at::native::func_wrapper_t<float, at::native::MaxNanFunctor<float>>, unsigned int, float, (int)4, (int)4>>(T3)"
0.0,70622,9,7846.9,8544.0,2944,9376,1972.8,"void moe::dev::finalize::finalizeKernel<moe::dev::finalize::KernelParams<cutlass::bfloat16_t, cutlass::bfloat16_t, (int)4, (bool)1>>(T1)"
0.0,65792,15,4386.1,2432.0,1824,12832,4366.3,"direct_backend::step2_prequant_cperm_kernel(const float *, int, unsigned char *, float *)"
0.0,62879,15,4191.9,4096.0,2880,6240,896.4,"void moe::dev::routing::routingDeepSeek::routingIndicesClusterKernel<moe::dev::routing::routingDeepSeek::KernelParams<float, __nv_bfloat16, (int)256, (int)8, (bool)1>>(T1)"
0.0,51647,30,1721.6,1760.0,1440,1952,138.7,"void at::native::vectorized_elementwise_kernel<(int)4, at::native::AUnaryFunctor<float, float, float, at::native::binary_internal::MulFunctor<float>>, std::array<char *, (unsigned long)2>>(int, T2, T3)"
0.0,51552,15,3436.8,3360.0,2240,4800,841.3,"<unnamed>::build_counts_kernel(const float *, long, int *)"
0.0,48864,6,8144.0,8992.0,2848,9888,2687.2,"void moe::dev::activation::activationDeepSeekKernel<moe::dev::activation::KernelParams<cutlass::float_e4m3_t, (int)2, (bool)1>>(T1)"
0.0,43552,15,2903.5,2240.0,1600,6080,1640.6,"void at::native::vectorized_elementwise_kernel<(int)8, at::native::bfloat16_copy_kernel_cuda(at::TensorIteratorBase &)::[lambda(float) (instance 1)], std::array<char *, (unsigned long)2>>(int, T2, T3)"
0.0,39744,6,6624.0,6640.0,6144,7104,331.3,"void at::native::sbtopk::gatherTopK<float, unsigned int, (int)1, (bool)0>(at::cuda::detail::TensorInfo<const T1, T2>, T2, T2, bool, T2, T2, at::cuda::detail::TensorInfo<T1, T2>, T2, at::cuda::detail::TensorInfo<long, T2>, T2, T1 *)"
0.0,35392,5,7078.4,6464.0,3808,9600,2330.2,"void at::native::reduce_kernel<(int)512, (int)1, at::native::ReduceOp<long, at::native::func_wrapper_t<long, at::native::sum_functor<long, long, long>::operator ()(at::TensorIterator &)::[lambda(long, long) (instance 1)]>, unsigned int, long, (int)4, (int)4>>(T3)"
0.0,29632,15,1975.5,1984.0,1632,2208,203.3,"void at::native::vectorized_elementwise_kernel<(int)4, at::native::reciprocal_kernel_cuda(at::TensorIteratorBase &)::[lambda() (instance 1)]::operator ()() const::[lambda() (instance 2)]::operator ()() const::[lambda(float) (instance 1)], std::array<char *, (unsigned long)2>>(int, T2, T3)"
0.0,28895,5,5779.0,3711.0,2880,14816,5066.1,"void at::native::unrolled_elementwise_kernel<at::native::direct_copy_kernel_cuda(at::TensorIteratorBase &)::[lambda() (instance 3)]::operator ()() const::[lambda() (instance 4)]::operator ()() const::[lambda(long) (instance 1)], std::array<char *, (unsigned long)2>, (int)4, TrivialOffsetCalculator<(int)1, unsigned int>, TrivialOffsetCalculator<(int)1, unsigned int>, at::native::memory::LoadWithCast<(int)1>, at::native::memory::StoreWithCast<(int)1>>(int, T1, T2, T4, T5, T6, T7)"
0.0,28064,15,1870.9,1856.0,1568,2208,169.3,"void at::native::vectorized_elementwise_kernel<(int)4, at::native::<unnamed>::masked_fill_kernel(at::TensorIterator &, const c10::Scalar &)::[lambda() (instance 1)]::operator ()() const::[lambda() (instance 7)]::operator ()() const::[lambda(float, bool) (instance 1)], std::array<char *, (unsigned long)3>>(int, T2, T3)"
0.0,28031,12,2335.9,2287.5,1792,2720,294.9,"void at::native::elementwise_kernel<(int)128, (int)2, void at::native::gpu_kernel_impl_nocast<at::native::CUDAFunctor_add<float>>(at::TensorIteratorBase &, const T1 &)::[lambda(int) (instance 1)]>(int, T3)"
0.0,26623,15,1774.9,1824.0,1568,1984,135.2,"void at::native::vectorized_elementwise_kernel<(int)4, at::native::AUnaryFunctor<float, float, bool, at::native::<unnamed>::CompareEqFunctor<float>>, std::array<char *, (unsigned long)2>>(int, T2, T3)"
0.0,25888,15,1725.9,1696.0,1376,2080,190.3,"<unnamed>::scan_offsets_kernel(const int *, int *)"
0.0,25791,10,2579.1,1760.0,1408,6720,1986.5,"void at::native::vectorized_elementwise_kernel<(int)4, at::native::AbsFunctor<float>, std::array<char *, (unsigned long)2>>(int, T2, T3)"
0.0,24320,10,2432.0,1856.0,1440,5088,1402.8,"void at::native::vectorized_elementwise_kernel<(int)4, void at::native::compare_scalar_kernel<float>(at::TensorIteratorBase &, at::native::<unnamed>::OpType, T1)::[lambda(float) (instance 1)], std::array<char *, (unsigned long)2>>(int, T2, T3)"
0.0,20864,3,6954.7,9184.0,2400,9280,3944.7,"void moe::dev::activation::activationDeepSeekKernel<moe::dev::activation::KernelParams<cutlass::float_e4m3_t, (int)1, (bool)1>>(T1)"
0.0,20575,8,2571.9,1919.5,1504,7616,2050.3,"void at::native::vectorized_elementwise_kernel<(int)4, at::native::CUDAFunctor_add<float>, std::array<char *, (unsigned long)3>>(int, T2, T3)"
0.0,12256,5,2451.2,1824.0,1600,5184,1531.4,"void at::native::vectorized_elementwise_kernel<(int)8, at::native::AbsFunctor<c10::BFloat16>, std::array<char *, (unsigned long)2>>(int, T2, T3)"
0.0,11712,5,2342.4,1728.0,1408,5088,1541.9,"void at::native::vectorized_elementwise_kernel<(int)4, at::native::AUnaryFunctor<c10::BFloat16, c10::BFloat16, bool, at::native::<unnamed>::CompareEqFunctor<c10::BFloat16>>, std::array<char *, (unsigned long)2>>(int, T2, T3)"
0.0,11680,5,2336.0,1824.0,1440,5024,1517.4,"void at::native::vectorized_elementwise_kernel<(int)4, at::native::BinaryFunctor<bool, bool, bool, at::native::BitwiseAndFunctor<bool>>, std::array<char *, (unsigned long)3>>(int, T2, T3)"
0.0,11616,5,2323.2,1728.0,1472,4960,1480.9,"void at::native::vectorized_elementwise_kernel<(int)4, at::native::BinaryFunctor<c10::BFloat16, c10::BFloat16, bool, at::native::<unnamed>::CompareEqFunctor<c10::BFloat16>>, std::array<char *, (unsigned long)3>>(int, T2, T3)"
